id,label_root_cause,label_first_step,also_acceptable,partial_if,wrong_if,model_root_cause,model_first_step,answer_status,score,scored_by,notes
click,version_incompatibility,"Upgrade py==1.10.0 to a version compatible with Python 3.12 (e.g. py==1.11.0), then rerun pytest.",Upgrade the legacy pytest/py test toolchain to Python-3.12-compatible versions; alternatively run the pinned test stack on an older compatible Python version.,Identifies a dependency/version incompatibility involving the pinned test stack but does not identify py==1.10.0.,Recommends upgrading pytest alone; attributes the first failure to click source code; or treats a later-layer failure as the first blocker.,code_defect,Investigate the AttributeError: __spec__ occurring within the pytest/py dependency chain during the test run.,ok,wrong,yongjun,类别错：模型根因为 code_defect，标签为 version_incompatibility；第一步只是“调查 pytest/py 依赖链里的 AttributeError: __spec__”，无修复动作。保留意见：它确实指向了 py 依赖链，若按“具名但动作通用”读可能落 generic，需与 C 对齐。
pytest,version_incompatibility,"Run the pinned pytest 6.2.5 test stack on an older compatible Python version (e.g. Python 3.10), then rerun the tests.",Update the legacy pytest test stack/code so its AST handling is compatible with Python 3.12.,Correctly identifies a Python-version incompatibility but does not identify changing the interpreter as the first action.,"Treats pkg_resources or later test failures as the original root cause, or proposes project-code changes for the initial collection failure.",missing_dependency,Install the missing 'ruff' package to resolve the linting failure.,ok,wrong,yongjun,wrong_if：把后面的 lint 失败当作根因，装 ruff；类别 missing_dependency 与标签 version_incompatibility 不符，未触及 initial collection failure。
dateparser,missing_dependency,"Install the declared fasttext dependency; on this Windows/Python 3.12 environment, make it install successfully by providing the required C++/MSVC build toolchain or another compatible installation path.",Install the project's declared fasttext extra in an environment where fasttext can be built or installed successfully.,Correctly identifies fasttext as missing but does not account for the native-build/install requirement in this Windows/Python 3.12 environment.,"Attributes the initial collection errors to dateparser application logic, removes/skips the affected tests, or claims fasttext is an undeclared dependency.",missing_dependency,Install the missing 'fasttext' package to resolve the ImportError in tests/test_language_detect.py.,ok,partial,yongjun,partial_if：正确点名缺失依赖 fasttext，但没有处理 Windows/Python 3.12 下的原生编译/安装要求。
python-qrcode,version_incompatibility,"Replace the non-portable strftime('%-d %b %Y') usage with a Windows-compatible date-formatting approach, then rerun the tests.",Run the tests on a platform where the %-d strftime directive is supported.,"Fixes only one of the two %-d occurrences, or correctly identifies the portability issue without removing it from both production and test code.","Treats has_calls or missing pkg_resources as the first blocker, or changes only unrelated dependencies without addressing %-d.",missing_dependency,Install the 'setuptools' package to provide the missing 'pkg_resources' module.,ok,wrong,yongjun,wrong_if：把缺失的 pkg_resources 当作首个阻塞（install setuptools）；类别 missing_dependency 与标签不符，未触及 %-d strftime。
httpx,version_incompatibility,"Run the pinned 2021 pytest/tooling stack on an older compatible Python version, then rerun the tests.",Upgrade the pinned pytest/tooling stack to versions compatible with Python 3.12.,Identifies the pinned pytest/Python compatibility problem but gives only a generic dependency-upgrade action.,Attributes the initial failure to httpx's cgi import/deprecation warning or modifies httpx application code before resolving the pytest compatibility blocker.,missing_dependency,Install the 'ruff' package to allow the linting check to run.,ok,wrong,yongjun,wrong_if/类别错：装 ruff 以跑 lint；missing_dependency 与标签 version_incompatibility 不符，未解决 pytest/Python 3.12 阻塞。
python-ftfy,healthy,No repair needed; the test suite passes in the held-out environment.,Keep the current environment and test command as-is.,Recognizes that the suite passes but suggests unnecessary investigation or non-functional cleanup.,Diagnoses a root cause or recommends a required fix despite the held-out suite passing.,code_defect,Investigate the 10 xfailed tests in 'tests/test_examples_in_json.py' to determine why they are failing.,ok,wrong,yongjun,healthy wrong_if：套件通过，却给出 code_defect 并建议调查 10 个 xfailed 测试，等于诊断出一个“必须修”的原因。
robotframework,local_module,"Make the repository's src/robot package importable before test collection, matching the path setup performed by the project's test runner.","Install the project editable, add src/ to PYTHONPATH, or run through the project's own test entry point.",Correctly identifies that the local robot package is not on the import path but gives only a generic import-error diagnosis.,"Installs an unrelated external robot package, treats resources/classes or the GBK error as the initial root cause, or modifies tests to suppress the import failure.",missing_dependency,Install the 'robot' package in the current Python environment.,ok,wrong,yongjun,wrong_if：安装外部 robot 包，而不是暴露仓库本地 src/robot 源码树。
python-slugify,code_defect,Fix _modern_truncate so hard cuts do not leave trailing post-replacement delimiters.,Fix the modern hard-cut/truncation logic so repeated delimiters are handled without leaving a trailing delimiter.,Identifies _modern_truncate/repeated-delimiter handling but proposes an incomplete fix that does not satisfy the regression case.,"Changes the test expectation, attributes the failure to environment/dependencies, or suppresses the failing regression instead of fixing the truncation logic.",code_defect,"Investigate the slugify function logic in slugify/slugify.py, specifically how it handles post-replacement truncation and word boundaries.",ok,partial,yongjun,partial_if：认出 slugify 的 post-replacement 截断/词边界处理，但只建议“调查”该逻辑，未给出能满足回归用例的修复。保留意见：若“调查”视为通用动作则落 generic。
django-cacheops,config_missing,"Set DJANGO_SETTINGS_MODULE=tests.settings and initialize Django as required before test collection, matching the project's test runner.","Run through the project's own test runner, which configures Django before executing the tests.",Sets DJANGO_SETTINGS_MODULE only: this removes ImproperlyConfigured but leaves AppRegistryNotReady; or correctly identifies missing Django initialization without completing both required initialization steps.,"Treats the later database-table or Redis failures as the original root cause, or changes application logic instead of initializing the Django test environment.",config_missing,Define the DJANGO_SETTINGS_MODULE environment variable or call settings.configure() before running the tests.,ok,partial,yongjun,partial_if：设置 DJANGO_SETTINGS_MODULE 或 settings.configure()，未完成标签要求的两个 Django 初始化步骤。
seleniumlibrary,local_module,"Make the repository's src/SeleniumLibrary package importable before test collection, matching the path setup performed by utest/run.py.","Install the project editable, add src/ to PYTHONPATH, or run through utest/run.py.",Identifies the missing local SeleniumLibrary import path but does not specify how to expose src/.,"Treats the later Firefox/geckodriver failures as the initial root cause, or installs an unrelated package instead of exposing the repository's local source tree.",missing_dependency,Install the missing 'SeleniumLibrary' package in the current Python environment.,ok,wrong,yongjun,wrong_if：把 SeleniumLibrary 当外部包安装，而不是暴露仓库本地 src/ 源码树。
django-storages,config_missing,"Set DJANGO_SETTINGS_MODULE=tests.settings before running pytest, matching the project's tox configuration.","Run the tests through the project's tox environment, which sets DJANGO_SETTINGS_MODULE.",Correctly identifies missing Django settings configuration but does not identify tests.settings or an equivalent initialization.,"Treats the later Windows path failures as the original blocker, or changes storage implementation code before supplying the missing Django configuration.",,,invalid,,yongjun,service_no_answer：已核对无可用回答
python-markdown,missing_dependency,"Install the project's declared testing extra (e.g. pip install -e .[testing]) so that PyYAML (yaml) is installed, then rerun the tests.",Install PyYAML directly before rerunning the tests.,"Identifies PyYAML/yaml as the missing dependency or recommends installing the testing dependencies, but does not connect the missing package to the testing extra omitted by the documented editable-install command.","Attributes the initial failure to pytest compatibility or project code, modifies/skips tests to avoid importing yaml, or addresses the later TestSuite collection failure before making PyYAML available.",,,request_error,,yongjun,service_no_answer：已核对无可用回答
