case_id,table,repository,error_kind,missing_name,rows,example_log,error_excerpt,candidate_packages,pydfix_outcomes,pydfix_fixed_patch_example,source
pydfix-bugsinpy-black-click,bugsinpy,black,no_module,click,40,black_10_0.log,ModuleNotFoundError: No module named 'click',appdirs click distlib filelock six zipp,Successfully fixed build: 20; No longer recognized as a dependency error: 18; Exhausted all options: 2,virtualenv==16.3.0 click==7.0 appdirs==1.4.3 attrs==18.2.0 toml==0.10.0,https://github.com/ucd-plse/PyDFix/tree/b276d79e7aff1993280e80bad97a8b8a08e6661f/orig_data/bugsinpy_artifacts_dependency_broken_orig.csv
pydfix-bugsinpy-black-regex,bugsinpy,black,no_module,regex,6,black_1_0.log,ModuleNotFoundError: No module named 'regex',appdirs distlib filelock regex,Exhausted all options: 5; not in results table: 1,,https://github.com/ucd-plse/PyDFix/tree/b276d79e7aff1993280e80bad97a8b8a08e6661f/orig_data/bugsinpy_artifacts_dependency_broken_orig.csv
pydfix-bugsinpy-scrapy-lxml,bugsinpy,scrapy,no_module,lxml,4,scrapy_22_0.log,ModuleNotFoundError: No module named 'lxml',leveldb lxml,Exhausted all options: 4,,https://github.com/ucd-plse/PyDFix/tree/b276d79e7aff1993280e80bad97a8b8a08e6661f/orig_data/bugsinpy_artifacts_dependency_broken_orig.csv
pydfix-bugsinpy-scrapy-testfixtures,bugsinpy,scrapy,no_module,testfixtures,6,scrapy_20_0.log,ModuleNotFoundError: No module named 'testfixtures',leveldb testfixtures,Exhausted all options: 4; No longer recognized as a dependency error: 2,,https://github.com/ucd-plse/PyDFix/tree/b276d79e7aff1993280e80bad97a8b8a08e6661f/orig_data/bugsinpy_artifacts_dependency_broken_orig.csv
pydfix-bugsinpy-scrapy-w3lib,bugsinpy,scrapy,no_module,w3lib,70,scrapy_1_0.log,ModuleNotFoundError: No module named 'w3lib',leveldb w3lib,Exhausted all options: 50; No longer recognized as a dependency error: 14; Successfully fixed build: 6,w3lib==1.21.0,https://github.com/ucd-plse/PyDFix/tree/b276d79e7aff1993280e80bad97a8b8a08e6661f/orig_data/bugsinpy_artifacts_dependency_broken_orig.csv
pydfix-bugswarm-ProgVal-Limnoria-feedparser,bugswarm,ProgVal-Limnoria,no_module,feedparser,3,ProgVal-Limnoria-114623582.failed.log,ImportError: No module named feedparser,feedparser supybot,Successfully fixed build: 3,feedparser==5.2.1,https://github.com/ucd-plse/PyDFix/tree/b276d79e7aff1993280e80bad97a8b8a08e6661f/orig_data/bugswarm_artifacts_dependency_broken_orig.csv
pydfix-bugswarm-asciimoo-searx-ImmutableDict,bugswarm,asciimoo-searx,cannot_import_name,ImmutableDict,47,asciimoo-searx-305344714.failed.log,ImportError: cannot import name ImmutableDict,Werkzeug codecov contrib flask_babel nose2,Successfully fixed build: 35; Restored to original error: 12,Werkzeug==0.7,https://github.com/ucd-plse/PyDFix/tree/b276d79e7aff1993280e80bad97a8b8a08e6661f/orig_data/bugswarm_artifacts_dependency_broken_orig.csv
pydfix-bugswarm-asciimoo-searx-contrib.fixers,bugswarm,asciimoo-searx,no_module,contrib.fixers,47,asciimoo-searx-305344714.failed.log,ImportError: No module named contrib.fixers,Werkzeug codecov contrib flask_babel nose2,Successfully fixed build: 35; Restored to original error: 12,Werkzeug==0.7,https://github.com/ucd-plse/PyDFix/tree/b276d79e7aff1993280e80bad97a8b8a08e6661f/orig_data/bugswarm_artifacts_dependency_broken_orig.csv
pydfix-bugswarm-getslash-slash-importlib_metadata,bugswarm,getslash-slash,no_module,importlib_metadata,10,getslash-slash-188658317.failed.log,/home/travis/virtualenv/python2.7.9/bin/python: No module named importlib_metadata; 'virtualenv' is a package and cannot be directly executed,chardet scandir,No longer recognized as a dependency error: 10,,https://github.com/ucd-plse/PyDFix/tree/b276d79e7aff1993280e80bad97a8b8a08e6661f/orig_data/bugswarm_artifacts_dependency_broken_orig.csv
pydfix-bugswarm-getslash-slash-machinery,bugswarm,getslash-slash,no_module,machinery,55,getslash-slash-309746090.failed.log,E ImportError: No module named machinery,futures futures; lazy-object-proxy machinery,Encountered error: list index out of range: 41; Exhausted all options: 12; Restored to original status: 1; Restored to original error: 1,,https://github.com/ucd-plse/PyDFix/tree/b276d79e7aff1993280e80bad97a8b8a08e6661f/orig_data/bugswarm_artifacts_dependency_broken_orig.csv
pydfix-bugswarm-jkenlooper-chill-import_string,bugswarm,jkenlooper-chill,cannot_import_name,import_string,4,jkenlooper-chill-330840536.failed.log,ImportError: cannot import name import_string,Flask Werkzeug defusedxml flask_cache greenlet,Restored to original error: 2; Successfully fixed build: 2,records==0.5.2 tablib==0.12.1 odfpy==1.3.6 openpyxl==2.4.10 jdcal==1.3 et-xmlfile==1.0.1 xlwt==1.3.0 xlrd==1.1.0 unicodecsv==0.14.1 gevent==1.2.2 greenlet==0.4.10 SQLAlchemy==1.2.1 markdown==2.6.11 Flask==0.12.1 Werkzeug==0.7,https://github.com/ucd-plse/PyDFix/tree/b276d79e7aff1993280e80bad97a8b8a08e6661f/orig_data/bugswarm_artifacts_dependency_broken_orig.csv
pydfix-bugswarm-python-mypy-cache_from_source,bugswarm,python-mypy,cannot_import_name,cache_from_source,2,python-mypy-290421737.failed.log,ImportError: cannot import name cache_from_source,from pip wheel,Restored to original error: 1; Successfully fixed build: 1,pip==9.0.1,https://github.com/ucd-plse/PyDFix/tree/b276d79e7aff1993280e80bad97a8b8a08e6661f/orig_data/bugswarm_artifacts_dependency_broken_orig.csv
pydfix-bugswarm-python-mypy-mypy.myunit,bugswarm,python-mypy,no_module,mypy.myunit,1,python-mypy-332010976.failed.log,ImportError: No module named 'mypy.myunit',"'mypy 13, _pytest in line pytest typing",Exhausted all options: 1,,https://github.com/ucd-plse/PyDFix/tree/b276d79e7aff1993280e80bad97a8b8a08e6661f/orig_data/bugswarm_artifacts_dependency_broken_orig.csv
pydfix-bugswarm-scikit-learn-scikit-learn-scipy,bugswarm,scikit-learn-scikit-learn,no_module,scipy,192,scikit-learn-scikit-learn-185761970.failed.log,ModuleNotFoundError: No module named 'scipy',scipy,Successfully fixed build: 81; Restored to original error: 53; No longer recognized as a dependency error: 52; Exhausted all options: 3; Encountered error: [Errno 2] No such file or directory: '/home/sumukher/bugswarm-dev/bugswarm_archive_code/scikit-learn-scikit-learn-418759605_passed/.travis.yml': 1; Encountered error: [Errno 2] No such file or directory: '/home/sumukher/bugswarm-dev/bugswarm_archive_code/scikit-learn-scikit-learn-419287722_failed/.travis.yml': 1; Encountered error: [Errno 2] No such file or directory: '/home/sumukher/bugswarm-dev/bugswarm_archive_code/scikit-learn-scikit-learn-419287722_passed/.travis.yml': 1,scipy==1.0.0 Cython==0.27.3,https://github.com/ucd-plse/PyDFix/tree/b276d79e7aff1993280e80bad97a8b8a08e6661f/orig_data/bugswarm_artifacts_dependency_broken_orig.csv
pydfix-bugswarm-twisted-twisted-_dist.disttrial,bugswarm,twisted-twisted,no_module,_dist.disttrial,2,twisted-twisted-166613286.failed.log,exceptions.ImportError: No module named _dist.disttrial,OpenSSL Test call_subprocess create_environment cryptography dist in install_wheel line main pydoctor pyobjc-core release testtools twisted virtualenv wheel,No longer recognized as a dependency error: 2,,https://github.com/ucd-plse/PyDFix/tree/b276d79e7aff1993280e80bad97a8b8a08e6661f/orig_data/bugswarm_artifacts_dependency_broken_orig.csv
pydfix-bugswarm-twisted-twisted-_release,bugswarm,twisted-twisted,no_module,_release,2,twisted-twisted-166613286.failed.log,ImportError: No module named _release,OpenSSL Test call_subprocess create_environment cryptography dist in install_wheel line main pydoctor pyobjc-core release testtools twisted virtualenv wheel,No longer recognized as a dependency error: 2,,https://github.com/ucd-plse/PyDFix/tree/b276d79e7aff1993280e80bad97a8b8a08e6661f/orig_data/bugswarm_artifacts_dependency_broken_orig.csv
pydfix-bugswarm-twisted-twisted-cryptography.exceptions,bugswarm,twisted-twisted,no_module,cryptography.exceptions,2,twisted-twisted-166613286.failed.log,Couldn't import or instantiate Options class: No module named cryptography.exceptions,OpenSSL Test call_subprocess create_environment cryptography dist in install_wheel line main pydoctor pyobjc-core release testtools twisted virtualenv wheel,No longer recognized as a dependency error: 2,,https://github.com/ucd-plse/PyDFix/tree/b276d79e7aff1993280e80bad97a8b8a08e6661f/orig_data/bugswarm_artifacts_dependency_broken_orig.csv
pydfix-bugswarm-twisted-twisted-gi,bugswarm,twisted-twisted,no_module,gi,2,twisted-twisted-166613286.failed.log,No module named 'gi',OpenSSL Test call_subprocess create_environment cryptography dist in install_wheel line main pydoctor pyobjc-core release testtools twisted virtualenv wheel,No longer recognized as a dependency error: 2,,https://github.com/ucd-plse/PyDFix/tree/b276d79e7aff1993280e80bad97a8b8a08e6661f/orig_data/bugswarm_artifacts_dependency_broken_orig.csv
pydfix-bugswarm-twisted-twisted-gi.repository,bugswarm,twisted-twisted,no_module,gi.repository,2,twisted-twisted-166613286.failed.log,No module named gi.repository,OpenSSL Test call_subprocess create_environment cryptography dist in install_wheel line main pydoctor pyobjc-core release testtools twisted virtualenv wheel,No longer recognized as a dependency error: 2,,https://github.com/ucd-plse/PyDFix/tree/b276d79e7aff1993280e80bad97a8b8a08e6661f/orig_data/bugswarm_artifacts_dependency_broken_orig.csv
pydfix-bugswarm-twisted-twisted-twcgi,bugswarm,twisted-twisted,cannot_import_name,twcgi,2,twisted-twisted-166613286.failed.log,exceptions.ImportError: cannot import name twcgi,OpenSSL Test call_subprocess create_environment cryptography dist in install_wheel line main pydoctor pyobjc-core release testtools twisted virtualenv wheel,No longer recognized as a dependency error: 2,,https://github.com/ucd-plse/PyDFix/tree/b276d79e7aff1993280e80bad97a8b8a08e6661f/orig_data/bugswarm_artifacts_dependency_broken_orig.csv
pydfix-bugswarm-twisted-twisted-ui,bugswarm,twisted-twisted,no_module,ui,2,twisted-twisted-166613286.failed.log,Couldn't import or instantiate Options class: No module named ui,OpenSSL Test call_subprocess create_environment cryptography dist in install_wheel line main pydoctor pyobjc-core release testtools twisted virtualenv wheel,No longer recognized as a dependency error: 2,,https://github.com/ucd-plse/PyDFix/tree/b276d79e7aff1993280e80bad97a8b8a08e6661f/orig_data/bugswarm_artifacts_dependency_broken_orig.csv
pydfix-bugswarm-zimmerman-zimmerman-OIPA-util,bugswarm,zimmerman-zimmerman-OIPA,no_module,util,12,zimmerman-zimmerman-OIPA-91222724.failed.log,ImportError: No module named util,util watchdog,Exhausted all options: 10; No longer recognized as a dependency error: 1; Restored to original status: 1,,https://github.com/ucd-plse/PyDFix/tree/b276d79e7aff1993280e80bad97a8b8a08e6661f/orig_data/bugswarm_artifacts_dependency_broken_orig.csv
