case_id,root_cause,labelled_by,reviewed_by,notes
pydfix-bugsinpy-black-click,,,,
pydfix-bugsinpy-black-regex,,,,
pydfix-bugsinpy-scrapy-lxml,,,,
pydfix-bugsinpy-scrapy-testfixtures,,,,
pydfix-bugsinpy-scrapy-w3lib,,,,
pydfix-bugswarm-ProgVal-Limnoria-feedparser,,,,
pydfix-bugswarm-asciimoo-searx-ImmutableDict,,,,
pydfix-bugswarm-asciimoo-searx-contrib.fixers,,,,
pydfix-bugswarm-getslash-slash-importlib_metadata,,,,
pydfix-bugswarm-getslash-slash-machinery,,,,
pydfix-bugswarm-jkenlooper-chill-import_string,,,,
pydfix-bugswarm-python-mypy-cache_from_source,,,,
pydfix-bugswarm-python-mypy-mypy.myunit,,,,
pydfix-bugswarm-scikit-learn-scikit-learn-scipy,,,,
pydfix-bugswarm-twisted-twisted-_dist.disttrial,,,,
pydfix-bugswarm-twisted-twisted-_release,,,,
pydfix-bugswarm-twisted-twisted-cryptography.exceptions,,,,
pydfix-bugswarm-twisted-twisted-gi,,,,
pydfix-bugswarm-twisted-twisted-gi.repository,,,,
pydfix-bugswarm-twisted-twisted-twcgi,,,,
pydfix-bugswarm-twisted-twisted-ui,,,,
pydfix-bugswarm-zimmerman-zimmerman-OIPA-util,,,,
