participant,date,order,fixfirst_set,task,condition,start_time,seconds,success,false_done_claims,tests_modified,confidence_1to5,cause_explanation,notes
P01,2026-10-03,FixFirst first,A,T1,fixfirst,14:05,121,yes,0,no,5,应该是 Jinja2 换版本了，Markup 好像不能这么 import 了。,
P01,2026-10-03,FixFirst first,A,T2,fixfirst,14:05,44,yes,0,no,5,Python 找不到 inventory，项目结构有问题，对于src结构，需要主动启用inventory。,
P01,2026-10-03,FixFirst first,A,T3,baseline,14:05,76,yes,0,no,5,distutils 是 Python 新版本删掉了。,
P01,2026-10-03,FixFirst first,A,T4,baseline,14:05,115,yes,0,no,5,settings.toml 没找到，可能文件没提交，或者路径写错了,
P02,2026-10-03,FixFirst first,B,T3,fixfirst,14:15,85,yes,0,no,4,distutils 在 Python 3.12+ 被移除了，这是典型的版本兼容问题。,
P02,2026-10-03,FixFirst first,B,T4,fixfirst,14:15,60,yes,0,no,4,SETTINGS 的 Path 算出来不对，或者配置文件没有包含到项目里。,
P02,2026-10-03,FixFirst first,B,T1,baseline,14:15,183,yes,0,no,4,这是 Jinja2 3.1 的 API 变更，Markup 应该从 markupsafe 导。,""
P02,2026-10-03,FixFirst first,B,T2,baseline,14:15,151,yes,0,no,4,inventory 包没有暴露出来，因为是 src 布局。,""
P03,2026-10-07,Baseline first,B,T1,baseline,14:05,125,yes,0,no,5,Jinja2 库安装存在问题。,
P03,2026-10-07,Baseline first,B,T2,baseline,14:05,190,yes,0,no,5,inventory 模块没有正确安装到环境中。,
P03,2026-10-07,Baseline first,B,T3,fixfirst,14:05,100,yes,0,no,5,distutils在py3.12版本被移除掉了,
P03,2026-10-07,Baseline first,B,T4,fixfirst,14:05,56,yes,0,no,5,程序运行依赖的配置文件不存在。,
P04,2026-10-07,Baseline first,A,T3,baseline,14:15,251,yes,0,no,4,我认为缺少运行所需的 Python 依赖。,
P04,2026-10-07,Baseline first,A,T4,baseline,14:15,80,yes,0,no,4,配置文件没有准备好。,
P04,2026-10-07,Baseline first,A,T1,fixfirst,14:15,125,yes,0,no,4,Python 环境中的 Jinja2 版本太新了,
P04,2026-10-07,Baseline first,A,T2,fixfirst,14:15,116,yes,0,no,4,Python 项目的架构为src架构，默认没有inventory库，需要主动安装,
P05,2026-10-07,FixFirst first,A,T1,fixfirst,14:20,116,yes,0,no,5,是Jinja2 升级导致 API 不兼容。,
P05,2026-10-07,FixFirst first,A,T2,fixfirst,14:20,56,yes,0,no,5,项目架构为src架构，需要install才能找到inventory包。,
P05,2026-10-07,FixFirst first,A,T3,baseline,14:20,61,yes,0,no,5,Python 标准库升级导致兼容性问题。,
P05,2026-10-07,FixFirst first,A,T4,baseline,14:20,40,yes,0,no,5,配置文件定位逻辑存在问题。,
P06,2026-10-07,FixFirst first,B,T3,fixfirst,14:25,101,yes,0,no,5,Python 新版本与项目代码不兼容。,
P06,2026-10-07,FixFirst first,B,T4,fixfirst,14:25,60,yes,0,no,5,项目缺少运行所需的配置文件。,
P06,2026-10-07,FixFirst first,B,T1,baseline,14:25,135,yes,0,no,5,我认为导入方式与当前 Jinja2 版本不兼容。,
P06,2026-10-07,FixFirst first,B,T2,baseline,14:25,127,yes,0,no,5,项目包结构配置存在问题。,
