case_id,suite,truth,v070,v070_source,v08,v08_source,llm1,llm1_status,llm2,llm2_status,llm3,llm3_status
flat-shop--md_known_import,diagnosis,missing_dependency,missing_dependency,confirmed,missing_dependency,confirmed,missing_dependency,ok,missing_dependency,ok,missing_dependency,ok
flat-shop--md_known_runtime,diagnosis,missing_dependency,missing_dependency,confirmed,missing_dependency,confirmed,missing_dependency,ok,missing_dependency,ok,missing_dependency,ok
flat-shop--md_declared,diagnosis,missing_dependency,missing_dependency,confirmed,missing_dependency,confirmed,missing_dependency,ok,missing_dependency,ok,missing_dependency,ok
flat-shop--md_declared_alias,diagnosis,missing_dependency,missing_dependency,confirmed,missing_dependency,confirmed,missing_dependency,ok,missing_dependency,ok,missing_dependency,ok
flat-shop--md_unknown_runtime,diagnosis,missing_dependency,missing_dependency,model,missing_dependency,model,missing_dependency,ok,missing_dependency,ok,missing_dependency,ok
flat-shop--md_unknown_test,diagnosis,missing_dependency,missing_dependency,model,missing_dependency,model,missing_dependency,ok,missing_dependency,ok,missing_dependency,ok
flat-shop--lm_renamed,diagnosis,local_module,local_module,confirmed,local_module,confirmed,local_module,ok,local_module,ok,local_module,ok
flat-shop--lm_src_layout,diagnosis,local_module,local_module,confirmed,local_module,confirmed,local_module,ok,local_module,ok,,invalid
flat-shop--lm_shadow_library,diagnosis,local_module,local_module,confirmed,local_module,confirmed,local_module,ok,local_module,ok,local_module,ok
flat-shop--lm_shadow_stdlib,diagnosis,local_module,local_module,confirmed,local_module,confirmed,local_module,ok,local_module,ok,local_module,ok
flat-shop--lm_circular,diagnosis,local_module,local_module,confirmed,local_module,confirmed,local_module,ok,local_module,ok,local_module,ok
flat-shop--lm_relative,diagnosis,local_module,local_module,confirmed,local_module,confirmed,local_module,ok,local_module,ok,local_module,ok
flat-shop--vi_stdlib_module,diagnosis,version_incompatibility,version_incompatibility,confirmed,version_incompatibility,confirmed,version_incompatibility,ok,version_incompatibility,ok,version_incompatibility,ok
flat-shop--vi_collections_abc,diagnosis,version_incompatibility,version_incompatibility,confirmed,version_incompatibility,confirmed,version_incompatibility,ok,version_incompatibility,ok,version_incompatibility,ok
flat-shop--vi_numpy_alias,diagnosis,version_incompatibility,version_incompatibility,confirmed,version_incompatibility,confirmed,version_incompatibility,ok,version_incompatibility,ok,version_incompatibility,ok
flat-shop--vi_numpy2,diagnosis,version_incompatibility,version_incompatibility,confirmed,version_incompatibility,confirmed,version_incompatibility,ok,version_incompatibility,ok,version_incompatibility,ok
flat-shop--vi_jinja2,diagnosis,version_incompatibility,version_incompatibility,confirmed,version_incompatibility,confirmed,version_incompatibility,ok,version_incompatibility,ok,version_incompatibility,ok
flat-shop--vi_library_import,diagnosis,version_incompatibility,version_incompatibility,confirmed,version_incompatibility,confirmed,version_incompatibility,ok,version_incompatibility,ok,version_incompatibility,ok
flat-shop--vi_library_runtime,diagnosis,version_incompatibility,version_incompatibility,confirmed,version_incompatibility,model,version_incompatibility,ok,version_incompatibility,ok,version_incompatibility,ok
flat-shop--vi_removed_kwarg,diagnosis,version_incompatibility,version_incompatibility,confirmed,version_incompatibility,confirmed,version_incompatibility,ok,version_incompatibility,ok,version_incompatibility,ok
flat-shop--vi_unittest_alias,diagnosis,version_incompatibility,version_incompatibility,confirmed,,unknown,code_defect,ok,code_defect,ok,code_defect,ok
flat-shop--vi_asyncio_coroutine,diagnosis,version_incompatibility,version_incompatibility,confirmed,version_incompatibility,confirmed,version_incompatibility,ok,version_incompatibility,ok,version_incompatibility,ok
flat-shop--vi_unknown_attribute,diagnosis,version_incompatibility,version_incompatibility,heuristic,version_incompatibility,confirmed,version_incompatibility,ok,version_incompatibility,ok,version_incompatibility,ok
flat-shop--vi_unknown_import,diagnosis,version_incompatibility,version_incompatibility,heuristic,version_incompatibility,confirmed,version_incompatibility,ok,version_incompatibility,ok,version_incompatibility,ok
flat-shop--vi_unknown_submodule,diagnosis,version_incompatibility,version_incompatibility,heuristic,version_incompatibility,heuristic,version_incompatibility,ok,version_incompatibility,ok,version_incompatibility,ok
flat-shop--vi_private_moved,diagnosis,version_incompatibility,version_incompatibility,heuristic,version_incompatibility,heuristic,version_incompatibility,ok,version_incompatibility,ok,version_incompatibility,ok
flat-shop--cm_environ,diagnosis,config_missing,config_missing,confirmed,config_missing,confirmed,config_missing,ok,config_missing,ok,config_missing,ok
flat-shop--cm_config_file,diagnosis,config_missing,config_missing,confirmed,config_missing,confirmed,config_missing,ok,config_missing,ok,config_missing,ok
flat-shop--cm_explicit,diagnosis,config_missing,config_missing,confirmed,config_missing,confirmed,config_missing,ok,config_missing,ok,config_missing,ok
flat-shop--cm_getenv_none,diagnosis,config_missing,config_missing,confirmed,config_missing,confirmed,config_missing,ok,config_missing,ok,config_missing,ok
flat-shop--cm_fixture_env,diagnosis,config_missing,config_missing,confirmed,config_missing,confirmed,config_missing,ok,config_missing,ok,config_missing,ok
flat-shop--cm_settings_key,diagnosis,config_missing,config_missing,model,config_missing,model,config_missing,ok,code_defect,ok,config_missing,ok
flat-shop--cd_assertion,diagnosis,code_defect,code_defect,confirmed,code_defect,confirmed,code_defect,ok,code_defect,ok,code_defect,ok
flat-shop--cd_zero_division,diagnosis,code_defect,code_defect,confirmed,code_defect,confirmed,code_defect,ok,code_defect,ok,code_defect,ok
flat-shop--cd_name_error,diagnosis,code_defect,code_defect,confirmed,code_defect,confirmed,code_defect,ok,code_defect,ok,code_defect,ok
flat-shop--cd_index_error,diagnosis,code_defect,code_defect,confirmed,code_defect,confirmed,code_defect,ok,code_defect,ok,code_defect,ok
flat-shop--cd_syntax_error,diagnosis,code_defect,code_defect,confirmed,code_defect,confirmed,code_defect,ok,code_defect,ok,code_defect,ok
flat-shop--cd_wrong_arguments,diagnosis,code_defect,code_defect,confirmed,code_defect,confirmed,code_defect,ok,code_defect,ok,code_defect,ok
flat-shop--cd_local_kwarg,diagnosis,code_defect,code_defect,confirmed,code_defect,confirmed,code_defect,ok,code_defect,ok,code_defect,ok
flat-shop--cd_attribute_typo,diagnosis,code_defect,code_defect,confirmed,code_defect,confirmed,code_defect,ok,code_defect,ok,code_defect,ok
flat-shop--cd_dict_key,diagnosis,code_defect,code_defect,model,code_defect,model,code_defect,ok,code_defect,ok,code_defect,ok
flat-shop--cd_value_error,diagnosis,code_defect,code_defect,model,code_defect,model,code_defect,ok,code_defect,ok,code_defect,ok
flat-shop--cd_fixture_bug,diagnosis,code_defect,code_defect,model,code_defect,model,code_defect,ok,code_defect,ok,code_defect,ok
flat-shop--cd_missing_name,diagnosis,code_defect,code_defect,confirmed,code_defect,confirmed,local_module,ok,code_defect,ok,code_defect,ok
src-billing--md_known_import,diagnosis,missing_dependency,missing_dependency,confirmed,missing_dependency,confirmed,missing_dependency,ok,missing_dependency,ok,missing_dependency,ok
src-billing--md_known_runtime,diagnosis,missing_dependency,missing_dependency,confirmed,missing_dependency,confirmed,missing_dependency,ok,missing_dependency,ok,missing_dependency,ok
src-billing--md_declared,diagnosis,missing_dependency,missing_dependency,confirmed,missing_dependency,confirmed,missing_dependency,ok,missing_dependency,ok,missing_dependency,ok
src-billing--md_declared_alias,diagnosis,missing_dependency,missing_dependency,confirmed,missing_dependency,confirmed,missing_dependency,ok,missing_dependency,ok,missing_dependency,ok
src-billing--md_unknown_runtime,diagnosis,missing_dependency,missing_dependency,model,missing_dependency,model,missing_dependency,ok,missing_dependency,ok,missing_dependency,ok
src-billing--md_unknown_test,diagnosis,missing_dependency,missing_dependency,model,missing_dependency,model,missing_dependency,ok,missing_dependency,ok,missing_dependency,ok
src-billing--lm_renamed,diagnosis,local_module,local_module,confirmed,local_module,confirmed,local_module,ok,local_module,ok,local_module,ok
src-billing--lm_src_layout,diagnosis,local_module,local_module,confirmed,local_module,confirmed,local_module,ok,local_module,ok,local_module,ok
src-billing--lm_shadow_library,diagnosis,local_module,local_module,confirmed,local_module,confirmed,local_module,ok,local_module,ok,local_module,ok
src-billing--lm_shadow_stdlib,diagnosis,local_module,local_module,confirmed,local_module,confirmed,local_module,ok,local_module,ok,local_module,ok
src-billing--lm_circular,diagnosis,local_module,local_module,confirmed,local_module,confirmed,local_module,ok,local_module,ok,local_module,ok
src-billing--lm_relative,diagnosis,local_module,local_module,confirmed,local_module,confirmed,local_module,ok,local_module,ok,local_module,ok
src-billing--vi_stdlib_module,diagnosis,version_incompatibility,version_incompatibility,confirmed,version_incompatibility,confirmed,version_incompatibility,ok,version_incompatibility,ok,version_incompatibility,ok
src-billing--vi_collections_abc,diagnosis,version_incompatibility,version_incompatibility,confirmed,version_incompatibility,confirmed,version_incompatibility,ok,version_incompatibility,ok,version_incompatibility,ok
src-billing--vi_numpy_alias,diagnosis,version_incompatibility,version_incompatibility,confirmed,version_incompatibility,confirmed,version_incompatibility,ok,version_incompatibility,ok,version_incompatibility,ok
src-billing--vi_numpy2,diagnosis,version_incompatibility,version_incompatibility,confirmed,version_incompatibility,confirmed,version_incompatibility,ok,version_incompatibility,ok,version_incompatibility,ok
src-billing--vi_jinja2,diagnosis,version_incompatibility,version_incompatibility,confirmed,version_incompatibility,confirmed,version_incompatibility,ok,version_incompatibility,ok,version_incompatibility,ok
src-billing--vi_library_import,diagnosis,version_incompatibility,version_incompatibility,confirmed,version_incompatibility,confirmed,version_incompatibility,ok,version_incompatibility,ok,version_incompatibility,ok
src-billing--vi_library_runtime,diagnosis,version_incompatibility,version_incompatibility,confirmed,version_incompatibility,confirmed,version_incompatibility,ok,version_incompatibility,ok,version_incompatibility,ok
src-billing--vi_removed_kwarg,diagnosis,version_incompatibility,version_incompatibility,confirmed,version_incompatibility,confirmed,version_incompatibility,ok,version_incompatibility,ok,version_incompatibility,ok
src-billing--vi_unittest_alias,diagnosis,version_incompatibility,version_incompatibility,confirmed,,unknown,code_defect,ok,code_defect,ok,code_defect,ok
src-billing--vi_asyncio_coroutine,diagnosis,version_incompatibility,version_incompatibility,confirmed,version_incompatibility,confirmed,version_incompatibility,ok,version_incompatibility,ok,version_incompatibility,ok
src-billing--vi_unknown_attribute,diagnosis,version_incompatibility,version_incompatibility,heuristic,version_incompatibility,confirmed,version_incompatibility,ok,version_incompatibility,ok,version_incompatibility,ok
src-billing--vi_unknown_import,diagnosis,version_incompatibility,version_incompatibility,heuristic,version_incompatibility,heuristic,version_incompatibility,ok,version_incompatibility,ok,version_incompatibility,ok
src-billing--vi_unknown_submodule,diagnosis,version_incompatibility,version_incompatibility,heuristic,version_incompatibility,heuristic,version_incompatibility,ok,version_incompatibility,ok,version_incompatibility,ok
src-billing--vi_private_moved,diagnosis,version_incompatibility,version_incompatibility,heuristic,version_incompatibility,confirmed,version_incompatibility,ok,version_incompatibility,ok,version_incompatibility,ok
src-billing--cm_environ,diagnosis,config_missing,config_missing,confirmed,config_missing,confirmed,config_missing,ok,config_missing,ok,config_missing,ok
src-billing--cm_config_file,diagnosis,config_missing,config_missing,confirmed,config_missing,confirmed,code_defect,ok,code_defect,ok,config_missing,ok
src-billing--cm_explicit,diagnosis,config_missing,config_missing,confirmed,config_missing,confirmed,config_missing,ok,config_missing,ok,config_missing,ok
src-billing--cm_getenv_none,diagnosis,config_missing,config_missing,confirmed,config_missing,confirmed,config_missing,ok,config_missing,ok,config_missing,ok
src-billing--cm_fixture_env,diagnosis,config_missing,config_missing,confirmed,config_missing,confirmed,config_missing,ok,config_missing,ok,config_missing,ok
src-billing--cm_settings_key,diagnosis,config_missing,config_missing,model,config_missing,model,config_missing,ok,config_missing,ok,config_missing,ok
src-billing--cd_assertion,diagnosis,code_defect,code_defect,confirmed,code_defect,confirmed,code_defect,ok,code_defect,ok,code_defect,ok
src-billing--cd_zero_division,diagnosis,code_defect,code_defect,confirmed,code_defect,confirmed,code_defect,ok,code_defect,ok,code_defect,ok
src-billing--cd_name_error,diagnosis,code_defect,code_defect,confirmed,code_defect,confirmed,code_defect,ok,code_defect,ok,code_defect,ok
src-billing--cd_index_error,diagnosis,code_defect,code_defect,confirmed,code_defect,confirmed,code_defect,ok,code_defect,ok,code_defect,ok
src-billing--cd_syntax_error,diagnosis,code_defect,code_defect,confirmed,code_defect,confirmed,code_defect,ok,code_defect,ok,code_defect,ok
src-billing--cd_wrong_arguments,diagnosis,code_defect,code_defect,confirmed,code_defect,confirmed,code_defect,ok,code_defect,ok,code_defect,ok
src-billing--cd_local_kwarg,diagnosis,code_defect,code_defect,confirmed,code_defect,confirmed,code_defect,ok,code_defect,ok,code_defect,ok
src-billing--cd_attribute_typo,diagnosis,code_defect,code_defect,confirmed,code_defect,confirmed,code_defect,ok,code_defect,ok,code_defect,ok
src-billing--cd_dict_key,diagnosis,code_defect,code_defect,model,code_defect,model,code_defect,ok,code_defect,ok,code_defect,ok
src-billing--cd_value_error,diagnosis,code_defect,code_defect,model,code_defect,model,code_defect,ok,code_defect,ok,code_defect,ok
src-billing--cd_fixture_bug,diagnosis,code_defect,code_defect,model,code_defect,model,code_defect,ok,code_defect,ok,code_defect,ok
src-billing--cd_missing_name,diagnosis,code_defect,code_defect,confirmed,code_defect,confirmed,local_module,ok,code_defect,ok,code_defect,ok
pkg-inventory--md_known_import,diagnosis,missing_dependency,missing_dependency,confirmed,missing_dependency,confirmed,missing_dependency,ok,missing_dependency,ok,missing_dependency,ok
pkg-inventory--md_known_runtime,diagnosis,missing_dependency,missing_dependency,confirmed,missing_dependency,confirmed,missing_dependency,ok,missing_dependency,ok,missing_dependency,ok
pkg-inventory--md_declared,diagnosis,missing_dependency,missing_dependency,confirmed,missing_dependency,confirmed,missing_dependency,ok,missing_dependency,ok,missing_dependency,ok
pkg-inventory--md_declared_alias,diagnosis,missing_dependency,missing_dependency,confirmed,missing_dependency,confirmed,missing_dependency,ok,missing_dependency,ok,missing_dependency,ok
pkg-inventory--md_unknown_runtime,diagnosis,missing_dependency,missing_dependency,model,missing_dependency,model,missing_dependency,ok,missing_dependency,ok,missing_dependency,ok
pkg-inventory--md_unknown_test,diagnosis,missing_dependency,missing_dependency,model,missing_dependency,model,missing_dependency,ok,missing_dependency,ok,missing_dependency,ok
pkg-inventory--lm_renamed,diagnosis,local_module,local_module,confirmed,local_module,confirmed,local_module,ok,local_module,ok,local_module,ok
pkg-inventory--lm_src_layout,diagnosis,local_module,local_module,confirmed,local_module,confirmed,local_module,ok,local_module,ok,local_module,ok
pkg-inventory--lm_shadow_library,diagnosis,local_module,local_module,confirmed,local_module,confirmed,local_module,ok,local_module,ok,local_module,ok
pkg-inventory--lm_shadow_stdlib,diagnosis,local_module,local_module,confirmed,local_module,confirmed,local_module,ok,local_module,ok,local_module,ok
pkg-inventory--lm_circular,diagnosis,local_module,local_module,confirmed,local_module,confirmed,local_module,ok,local_module,ok,local_module,ok
pkg-inventory--lm_relative,diagnosis,local_module,local_module,confirmed,local_module,confirmed,local_module,ok,local_module,ok,local_module,ok
pkg-inventory--vi_stdlib_module,diagnosis,version_incompatibility,version_incompatibility,confirmed,version_incompatibility,confirmed,missing_dependency,ok,version_incompatibility,ok,version_incompatibility,ok
pkg-inventory--vi_collections_abc,diagnosis,version_incompatibility,version_incompatibility,confirmed,version_incompatibility,confirmed,version_incompatibility,ok,version_incompatibility,ok,version_incompatibility,ok
pkg-inventory--vi_numpy_alias,diagnosis,version_incompatibility,version_incompatibility,confirmed,version_incompatibility,confirmed,version_incompatibility,ok,version_incompatibility,ok,version_incompatibility,ok
pkg-inventory--vi_numpy2,diagnosis,version_incompatibility,version_incompatibility,confirmed,version_incompatibility,confirmed,version_incompatibility,ok,version_incompatibility,ok,version_incompatibility,ok
pkg-inventory--vi_jinja2,diagnosis,version_incompatibility,version_incompatibility,confirmed,version_incompatibility,confirmed,version_incompatibility,ok,version_incompatibility,ok,version_incompatibility,ok
pkg-inventory--vi_library_import,diagnosis,version_incompatibility,version_incompatibility,confirmed,version_incompatibility,confirmed,version_incompatibility,ok,version_incompatibility,ok,version_incompatibility,ok
pkg-inventory--vi_library_runtime,diagnosis,version_incompatibility,version_incompatibility,confirmed,version_incompatibility,confirmed,version_incompatibility,ok,version_incompatibility,ok,version_incompatibility,ok
pkg-inventory--vi_removed_kwarg,diagnosis,version_incompatibility,version_incompatibility,confirmed,version_incompatibility,confirmed,version_incompatibility,ok,version_incompatibility,ok,version_incompatibility,ok
pkg-inventory--vi_unittest_alias,diagnosis,version_incompatibility,version_incompatibility,confirmed,,unknown,version_incompatibility,ok,version_incompatibility,ok,version_incompatibility,ok
pkg-inventory--vi_asyncio_coroutine,diagnosis,version_incompatibility,version_incompatibility,confirmed,version_incompatibility,confirmed,version_incompatibility,ok,version_incompatibility,ok,version_incompatibility,ok
pkg-inventory--vi_unknown_attribute,diagnosis,version_incompatibility,version_incompatibility,heuristic,version_incompatibility,confirmed,version_incompatibility,ok,version_incompatibility,ok,version_incompatibility,ok
pkg-inventory--vi_unknown_import,diagnosis,version_incompatibility,version_incompatibility,heuristic,version_incompatibility,heuristic,version_incompatibility,ok,version_incompatibility,ok,version_incompatibility,ok
pkg-inventory--vi_unknown_submodule,diagnosis,version_incompatibility,version_incompatibility,heuristic,version_incompatibility,heuristic,version_incompatibility,ok,version_incompatibility,ok,version_incompatibility,ok
pkg-inventory--vi_private_moved,diagnosis,version_incompatibility,version_incompatibility,heuristic,version_incompatibility,confirmed,version_incompatibility,ok,version_incompatibility,ok,version_incompatibility,ok
pkg-inventory--cm_environ,diagnosis,config_missing,config_missing,confirmed,config_missing,confirmed,config_missing,ok,config_missing,ok,config_missing,ok
pkg-inventory--cm_config_file,diagnosis,config_missing,config_missing,confirmed,config_missing,confirmed,code_defect,ok,code_defect,ok,config_missing,ok
pkg-inventory--cm_explicit,diagnosis,config_missing,config_missing,confirmed,config_missing,confirmed,config_missing,ok,config_missing,ok,config_missing,ok
pkg-inventory--cm_getenv_none,diagnosis,config_missing,config_missing,confirmed,config_missing,confirmed,config_missing,ok,config_missing,ok,config_missing,ok
pkg-inventory--cm_fixture_env,diagnosis,config_missing,config_missing,confirmed,config_missing,confirmed,config_missing,ok,config_missing,ok,config_missing,ok
pkg-inventory--cm_settings_key,diagnosis,config_missing,config_missing,model,config_missing,model,config_missing,ok,config_missing,ok,config_missing,ok
pkg-inventory--cd_assertion,diagnosis,code_defect,code_defect,confirmed,code_defect,confirmed,code_defect,ok,code_defect,ok,code_defect,ok
pkg-inventory--cd_zero_division,diagnosis,code_defect,code_defect,confirmed,code_defect,confirmed,code_defect,ok,code_defect,ok,code_defect,ok
pkg-inventory--cd_name_error,diagnosis,code_defect,code_defect,confirmed,code_defect,confirmed,code_defect,ok,code_defect,ok,code_defect,ok
pkg-inventory--cd_index_error,diagnosis,code_defect,code_defect,confirmed,code_defect,confirmed,code_defect,ok,code_defect,ok,code_defect,ok
pkg-inventory--cd_syntax_error,diagnosis,code_defect,code_defect,confirmed,code_defect,confirmed,code_defect,ok,code_defect,ok,code_defect,ok
pkg-inventory--cd_wrong_arguments,diagnosis,code_defect,code_defect,confirmed,code_defect,confirmed,code_defect,ok,code_defect,ok,code_defect,ok
pkg-inventory--cd_local_kwarg,diagnosis,code_defect,code_defect,confirmed,code_defect,confirmed,code_defect,ok,code_defect,ok,code_defect,ok
pkg-inventory--cd_attribute_typo,diagnosis,code_defect,code_defect,confirmed,code_defect,confirmed,code_defect,ok,code_defect,ok,code_defect,ok
pkg-inventory--cd_dict_key,diagnosis,code_defect,code_defect,model,code_defect,model,code_defect,ok,code_defect,ok,code_defect,ok
pkg-inventory--cd_value_error,diagnosis,code_defect,code_defect,model,code_defect,model,code_defect,ok,code_defect,ok,code_defect,ok
pkg-inventory--cd_fixture_bug,diagnosis,code_defect,code_defect,model,code_defect,model,code_defect,ok,code_defect,ok,code_defect,ok
pkg-inventory--cd_missing_name,diagnosis,code_defect,code_defect,confirmed,code_defect,confirmed,local_module,ok,code_defect,ok,code_defect,ok
unittest-grades--md_known_import,diagnosis,missing_dependency,missing_dependency,confirmed,missing_dependency,confirmed,missing_dependency,ok,missing_dependency,ok,missing_dependency,ok
unittest-grades--md_known_runtime,diagnosis,missing_dependency,missing_dependency,confirmed,missing_dependency,confirmed,missing_dependency,ok,missing_dependency,ok,missing_dependency,ok
unittest-grades--md_declared,diagnosis,missing_dependency,missing_dependency,confirmed,missing_dependency,confirmed,missing_dependency,ok,missing_dependency,ok,missing_dependency,ok
unittest-grades--md_declared_alias,diagnosis,missing_dependency,missing_dependency,confirmed,missing_dependency,confirmed,missing_dependency,ok,missing_dependency,ok,missing_dependency,ok
unittest-grades--md_unknown_runtime,diagnosis,missing_dependency,missing_dependency,model,missing_dependency,model,missing_dependency,ok,missing_dependency,ok,missing_dependency,ok
unittest-grades--md_unknown_test,diagnosis,missing_dependency,missing_dependency,model,missing_dependency,model,missing_dependency,ok,missing_dependency,ok,missing_dependency,ok
unittest-grades--lm_renamed,diagnosis,local_module,local_module,confirmed,local_module,confirmed,local_module,ok,local_module,ok,local_module,ok
unittest-grades--lm_src_layout,diagnosis,local_module,local_module,confirmed,local_module,confirmed,local_module,ok,local_module,ok,local_module,ok
unittest-grades--lm_shadow_library,diagnosis,local_module,local_module,confirmed,local_module,confirmed,version_incompatibility,ok,local_module,ok,local_module,ok
unittest-grades--lm_shadow_stdlib,diagnosis,local_module,local_module,confirmed,local_module,confirmed,code_defect,ok,local_module,ok,local_module,ok
unittest-grades--lm_circular,diagnosis,local_module,local_module,confirmed,local_module,confirmed,local_module,ok,local_module,ok,local_module,ok
unittest-grades--lm_relative,diagnosis,local_module,local_module,confirmed,local_module,confirmed,local_module,ok,local_module,ok,local_module,ok
unittest-grades--vi_stdlib_module,diagnosis,version_incompatibility,version_incompatibility,confirmed,version_incompatibility,confirmed,missing_dependency,ok,version_incompatibility,ok,version_incompatibility,ok
unittest-grades--vi_collections_abc,diagnosis,version_incompatibility,version_incompatibility,confirmed,version_incompatibility,confirmed,version_incompatibility,ok,version_incompatibility,ok,version_incompatibility,ok
unittest-grades--vi_numpy_alias,diagnosis,version_incompatibility,version_incompatibility,confirmed,version_incompatibility,confirmed,version_incompatibility,ok,version_incompatibility,ok,version_incompatibility,ok
unittest-grades--vi_numpy2,diagnosis,version_incompatibility,version_incompatibility,confirmed,version_incompatibility,confirmed,version_incompatibility,ok,version_incompatibility,ok,version_incompatibility,ok
unittest-grades--vi_jinja2,diagnosis,version_incompatibility,version_incompatibility,confirmed,version_incompatibility,confirmed,version_incompatibility,ok,version_incompatibility,ok,version_incompatibility,ok
unittest-grades--vi_library_import,diagnosis,version_incompatibility,version_incompatibility,confirmed,version_incompatibility,model,version_incompatibility,ok,version_incompatibility,ok,version_incompatibility,ok
unittest-grades--vi_library_runtime,diagnosis,version_incompatibility,version_incompatibility,confirmed,version_incompatibility,confirmed,version_incompatibility,ok,version_incompatibility,ok,version_incompatibility,ok
unittest-grades--vi_removed_kwarg,diagnosis,version_incompatibility,version_incompatibility,confirmed,version_incompatibility,confirmed,code_defect,ok,version_incompatibility,ok,version_incompatibility,ok
unittest-grades--vi_unittest_alias,diagnosis,version_incompatibility,version_incompatibility,confirmed,,unknown,code_defect,ok,code_defect,ok,code_defect,ok
unittest-grades--vi_asyncio_coroutine,diagnosis,version_incompatibility,version_incompatibility,confirmed,version_incompatibility,confirmed,version_incompatibility,ok,version_incompatibility,ok,version_incompatibility,ok
unittest-grades--vi_unknown_attribute,diagnosis,version_incompatibility,version_incompatibility,model,version_incompatibility,confirmed,version_incompatibility,ok,version_incompatibility,ok,version_incompatibility,ok
unittest-grades--vi_unknown_import,diagnosis,version_incompatibility,version_incompatibility,heuristic,version_incompatibility,heuristic,version_incompatibility,ok,version_incompatibility,ok,version_incompatibility,ok
unittest-grades--vi_unknown_submodule,diagnosis,version_incompatibility,version_incompatibility,heuristic,version_incompatibility,heuristic,version_incompatibility,ok,version_incompatibility,ok,version_incompatibility,ok
unittest-grades--vi_private_moved,diagnosis,version_incompatibility,version_incompatibility,heuristic,version_incompatibility,heuristic,version_incompatibility,ok,version_incompatibility,ok,version_incompatibility,ok
unittest-grades--cm_environ,diagnosis,config_missing,config_missing,confirmed,config_missing,confirmed,config_missing,ok,config_missing,ok,config_missing,ok
unittest-grades--cm_config_file,diagnosis,config_missing,config_missing,confirmed,config_missing,confirmed,config_missing,ok,config_missing,ok,config_missing,ok
unittest-grades--cm_explicit,diagnosis,config_missing,config_missing,confirmed,config_missing,confirmed,config_missing,ok,config_missing,ok,config_missing,ok
unittest-grades--cm_getenv_none,diagnosis,config_missing,config_missing,confirmed,config_missing,confirmed,config_missing,ok,config_missing,ok,config_missing,ok
unittest-grades--cm_fixture_env,diagnosis,config_missing,config_missing,confirmed,config_missing,confirmed,config_missing,ok,config_missing,ok,config_missing,ok
unittest-grades--cm_settings_key,diagnosis,config_missing,config_missing,model,config_missing,model,config_missing,ok,config_missing,ok,config_missing,ok
unittest-grades--cd_assertion,diagnosis,code_defect,code_defect,confirmed,code_defect,confirmed,code_defect,ok,code_defect,ok,code_defect,ok
unittest-grades--cd_zero_division,diagnosis,code_defect,code_defect,confirmed,code_defect,confirmed,code_defect,ok,code_defect,ok,code_defect,ok
unittest-grades--cd_name_error,diagnosis,code_defect,code_defect,confirmed,code_defect,confirmed,code_defect,ok,code_defect,ok,code_defect,ok
unittest-grades--cd_index_error,diagnosis,code_defect,code_defect,confirmed,code_defect,confirmed,code_defect,ok,code_defect,ok,code_defect,ok
unittest-grades--cd_syntax_error,diagnosis,code_defect,code_defect,confirmed,code_defect,confirmed,code_defect,ok,code_defect,ok,code_defect,ok
unittest-grades--cd_wrong_arguments,diagnosis,code_defect,code_defect,confirmed,code_defect,confirmed,code_defect,ok,code_defect,ok,code_defect,ok
unittest-grades--cd_local_kwarg,diagnosis,code_defect,code_defect,confirmed,code_defect,confirmed,code_defect,ok,code_defect,ok,code_defect,ok
unittest-grades--cd_attribute_typo,diagnosis,code_defect,code_defect,confirmed,code_defect,confirmed,code_defect,ok,code_defect,ok,code_defect,ok
unittest-grades--cd_dict_key,diagnosis,code_defect,code_defect,model,code_defect,model,code_defect,ok,code_defect,ok,code_defect,ok
unittest-grades--cd_value_error,diagnosis,code_defect,code_defect,model,code_defect,model,code_defect,ok,code_defect,ok,code_defect,ok
unittest-grades--cd_fixture_bug,diagnosis,code_defect,code_defect,model,code_defect,model,code_defect,ok,code_defect,ok,code_defect,ok
unittest-grades--cd_missing_name,diagnosis,code_defect,code_defect,confirmed,code_defect,confirmed,code_defect,ok,code_defect,ok,code_defect,ok
fixture-orders--md_known_import,diagnosis,missing_dependency,missing_dependency,confirmed,missing_dependency,confirmed,missing_dependency,ok,missing_dependency,ok,missing_dependency,ok
fixture-orders--md_known_runtime,diagnosis,missing_dependency,missing_dependency,confirmed,missing_dependency,confirmed,missing_dependency,ok,missing_dependency,ok,missing_dependency,ok
fixture-orders--md_declared,diagnosis,missing_dependency,missing_dependency,confirmed,missing_dependency,confirmed,missing_dependency,ok,missing_dependency,ok,missing_dependency,ok
fixture-orders--md_declared_alias,diagnosis,missing_dependency,missing_dependency,confirmed,missing_dependency,confirmed,missing_dependency,ok,missing_dependency,ok,missing_dependency,ok
fixture-orders--md_unknown_runtime,diagnosis,missing_dependency,missing_dependency,model,missing_dependency,model,missing_dependency,ok,missing_dependency,ok,missing_dependency,ok
fixture-orders--md_unknown_test,diagnosis,missing_dependency,missing_dependency,model,missing_dependency,model,missing_dependency,ok,missing_dependency,ok,missing_dependency,ok
fixture-orders--lm_renamed,diagnosis,local_module,local_module,confirmed,local_module,confirmed,local_module,ok,local_module,ok,local_module,ok
fixture-orders--lm_src_layout,diagnosis,local_module,local_module,confirmed,local_module,confirmed,local_module,ok,local_module,ok,local_module,ok
fixture-orders--lm_shadow_library,diagnosis,local_module,local_module,confirmed,local_module,confirmed,local_module,ok,local_module,ok,local_module,ok
fixture-orders--lm_shadow_stdlib,diagnosis,local_module,local_module,confirmed,local_module,confirmed,local_module,ok,local_module,ok,local_module,ok
fixture-orders--lm_circular,diagnosis,local_module,local_module,confirmed,local_module,confirmed,local_module,ok,local_module,ok,local_module,ok
fixture-orders--lm_relative,diagnosis,local_module,local_module,confirmed,local_module,confirmed,local_module,ok,local_module,ok,local_module,ok
fixture-orders--vi_stdlib_module,diagnosis,version_incompatibility,version_incompatibility,confirmed,version_incompatibility,confirmed,missing_dependency,ok,version_incompatibility,ok,version_incompatibility,ok
fixture-orders--vi_collections_abc,diagnosis,version_incompatibility,version_incompatibility,confirmed,version_incompatibility,confirmed,version_incompatibility,ok,version_incompatibility,ok,version_incompatibility,ok
fixture-orders--vi_numpy_alias,diagnosis,version_incompatibility,version_incompatibility,confirmed,version_incompatibility,confirmed,version_incompatibility,ok,version_incompatibility,ok,version_incompatibility,ok
fixture-orders--vi_numpy2,diagnosis,version_incompatibility,version_incompatibility,confirmed,version_incompatibility,confirmed,version_incompatibility,ok,version_incompatibility,ok,version_incompatibility,ok
fixture-orders--vi_jinja2,diagnosis,version_incompatibility,version_incompatibility,confirmed,version_incompatibility,confirmed,version_incompatibility,ok,version_incompatibility,ok,version_incompatibility,ok
fixture-orders--vi_library_import,diagnosis,version_incompatibility,version_incompatibility,confirmed,version_incompatibility,confirmed,version_incompatibility,ok,version_incompatibility,ok,version_incompatibility,ok
fixture-orders--vi_library_runtime,diagnosis,version_incompatibility,version_incompatibility,confirmed,version_incompatibility,confirmed,version_incompatibility,ok,version_incompatibility,ok,version_incompatibility,ok
fixture-orders--vi_removed_kwarg,diagnosis,version_incompatibility,version_incompatibility,confirmed,version_incompatibility,confirmed,version_incompatibility,ok,version_incompatibility,ok,version_incompatibility,ok
fixture-orders--vi_unittest_alias,diagnosis,version_incompatibility,version_incompatibility,confirmed,,unknown,code_defect,ok,code_defect,ok,version_incompatibility,ok
fixture-orders--vi_asyncio_coroutine,diagnosis,version_incompatibility,version_incompatibility,confirmed,version_incompatibility,confirmed,version_incompatibility,ok,version_incompatibility,ok,version_incompatibility,ok
fixture-orders--vi_unknown_attribute,diagnosis,version_incompatibility,version_incompatibility,model,version_incompatibility,confirmed,version_incompatibility,ok,version_incompatibility,ok,version_incompatibility,ok
fixture-orders--vi_unknown_import,diagnosis,version_incompatibility,version_incompatibility,heuristic,version_incompatibility,confirmed,version_incompatibility,ok,version_incompatibility,ok,version_incompatibility,ok
fixture-orders--vi_unknown_submodule,diagnosis,version_incompatibility,version_incompatibility,heuristic,version_incompatibility,heuristic,version_incompatibility,ok,version_incompatibility,ok,version_incompatibility,ok
fixture-orders--vi_private_moved,diagnosis,version_incompatibility,version_incompatibility,heuristic,version_incompatibility,heuristic,version_incompatibility,ok,version_incompatibility,ok,version_incompatibility,ok
fixture-orders--cm_environ,diagnosis,config_missing,config_missing,confirmed,config_missing,confirmed,config_missing,ok,config_missing,ok,config_missing,ok
fixture-orders--cm_config_file,diagnosis,config_missing,config_missing,confirmed,config_missing,confirmed,config_missing,ok,config_missing,ok,config_missing,ok
fixture-orders--cm_explicit,diagnosis,config_missing,config_missing,confirmed,config_missing,confirmed,config_missing,ok,config_missing,ok,config_missing,ok
fixture-orders--cm_getenv_none,diagnosis,config_missing,config_missing,confirmed,config_missing,confirmed,config_missing,ok,config_missing,ok,config_missing,ok
fixture-orders--cm_fixture_env,diagnosis,config_missing,config_missing,confirmed,config_missing,confirmed,config_missing,ok,config_missing,ok,config_missing,ok
fixture-orders--cm_settings_key,diagnosis,config_missing,config_missing,model,config_missing,model,code_defect,ok,config_missing,ok,config_missing,ok
fixture-orders--cd_assertion,diagnosis,code_defect,code_defect,confirmed,code_defect,confirmed,code_defect,ok,code_defect,ok,code_defect,ok
fixture-orders--cd_zero_division,diagnosis,code_defect,code_defect,confirmed,code_defect,confirmed,code_defect,ok,code_defect,ok,code_defect,ok
fixture-orders--cd_name_error,diagnosis,code_defect,code_defect,confirmed,code_defect,confirmed,code_defect,ok,code_defect,ok,code_defect,ok
fixture-orders--cd_index_error,diagnosis,code_defect,code_defect,confirmed,code_defect,confirmed,code_defect,ok,code_defect,ok,code_defect,ok
fixture-orders--cd_syntax_error,diagnosis,code_defect,code_defect,confirmed,code_defect,confirmed,code_defect,ok,code_defect,ok,code_defect,ok
fixture-orders--cd_wrong_arguments,diagnosis,code_defect,code_defect,confirmed,code_defect,confirmed,code_defect,ok,code_defect,ok,code_defect,ok
fixture-orders--cd_local_kwarg,diagnosis,code_defect,code_defect,confirmed,code_defect,confirmed,code_defect,ok,code_defect,ok,code_defect,ok
fixture-orders--cd_attribute_typo,diagnosis,code_defect,code_defect,confirmed,code_defect,confirmed,code_defect,ok,code_defect,ok,code_defect,ok
fixture-orders--cd_dict_key,diagnosis,code_defect,code_defect,model,code_defect,model,code_defect,ok,code_defect,ok,code_defect,ok
fixture-orders--cd_value_error,diagnosis,code_defect,code_defect,model,code_defect,model,code_defect,ok,code_defect,ok,code_defect,ok
fixture-orders--cd_fixture_bug,diagnosis,code_defect,code_defect,model,code_defect,model,code_defect,ok,code_defect,ok,code_defect,ok
fixture-orders--cd_missing_name,diagnosis,code_defect,code_defect,confirmed,code_defect,confirmed,local_module,ok,code_defect,ok,code_defect,ok
flat-shop--vb_numpy_repr,hard,version_incompatibility,version_incompatibility,heuristic,version_incompatibility,heuristic,code_defect,ok,code_defect,ok,version_incompatibility,ok
flat-shop--vb_numpy_promotion,hard,version_incompatibility,version_incompatibility,heuristic,version_incompatibility,heuristic,code_defect,ok,code_defect,ok,code_defect,ok
flat-shop--vb_yaml_loader,hard,version_incompatibility,version_incompatibility,heuristic,version_incompatibility,heuristic,version_incompatibility,ok,version_incompatibility,ok,code_defect,ok
flat-shop--vb_pydantic_coercion,hard,version_incompatibility,version_incompatibility,heuristic,version_incompatibility,heuristic,code_defect,ok,code_defect,ok,code_defect,ok
flat-shop--vb_click_mix_stderr,hard,version_incompatibility,version_incompatibility,heuristic,version_incompatibility,heuristic,version_incompatibility,ok,version_incompatibility,ok,version_incompatibility,ok
flat-shop--ml_renamed_then_alias,hard,local_module,local_module,confirmed,local_module,confirmed,local_module,ok,local_module,ok,local_module,ok
src-billing--vb_numpy_repr,hard,version_incompatibility,version_incompatibility,heuristic,version_incompatibility,heuristic,code_defect,ok,code_defect,ok,version_incompatibility,ok
src-billing--vb_numpy_promotion,hard,version_incompatibility,version_incompatibility,heuristic,version_incompatibility,heuristic,code_defect,ok,code_defect,ok,code_defect,ok
src-billing--vb_yaml_loader,hard,version_incompatibility,version_incompatibility,heuristic,version_incompatibility,heuristic,version_incompatibility,ok,version_incompatibility,ok,version_incompatibility,ok
src-billing--vb_pydantic_coercion,hard,version_incompatibility,version_incompatibility,heuristic,version_incompatibility,heuristic,code_defect,ok,code_defect,ok,code_defect,ok
src-billing--vb_click_mix_stderr,hard,version_incompatibility,version_incompatibility,heuristic,version_incompatibility,heuristic,version_incompatibility,ok,version_incompatibility,ok,version_incompatibility,ok
src-billing--ml_renamed_then_alias,hard,local_module,local_module,confirmed,local_module,confirmed,local_module,ok,local_module,ok,local_module,ok
pkg-inventory--vb_numpy_repr,hard,version_incompatibility,version_incompatibility,heuristic,version_incompatibility,heuristic,code_defect,ok,code_defect,ok,version_incompatibility,ok
pkg-inventory--vb_numpy_promotion,hard,version_incompatibility,version_incompatibility,heuristic,version_incompatibility,heuristic,code_defect,ok,code_defect,ok,code_defect,ok
pkg-inventory--vb_yaml_loader,hard,version_incompatibility,version_incompatibility,heuristic,version_incompatibility,heuristic,version_incompatibility,ok,version_incompatibility,ok,code_defect,ok
pkg-inventory--vb_pydantic_coercion,hard,version_incompatibility,version_incompatibility,heuristic,version_incompatibility,heuristic,code_defect,ok,code_defect,ok,code_defect,ok
pkg-inventory--vb_click_mix_stderr,hard,version_incompatibility,version_incompatibility,heuristic,version_incompatibility,heuristic,version_incompatibility,ok,version_incompatibility,ok,version_incompatibility,ok
pkg-inventory--ml_renamed_then_alias,hard,local_module,local_module,confirmed,local_module,confirmed,local_module,ok,local_module,ok,local_module,ok
unittest-grades--vb_numpy_repr,hard,version_incompatibility,version_incompatibility,heuristic,version_incompatibility,heuristic,code_defect,ok,code_defect,ok,version_incompatibility,ok
unittest-grades--vb_numpy_promotion,hard,version_incompatibility,version_incompatibility,heuristic,version_incompatibility,heuristic,code_defect,ok,code_defect,ok,code_defect,ok
unittest-grades--vb_yaml_loader,hard,version_incompatibility,version_incompatibility,heuristic,version_incompatibility,heuristic,version_incompatibility,ok,version_incompatibility,ok,version_incompatibility,ok
unittest-grades--vb_pydantic_coercion,hard,version_incompatibility,version_incompatibility,heuristic,version_incompatibility,heuristic,code_defect,ok,code_defect,ok,code_defect,ok
unittest-grades--vb_click_mix_stderr,hard,version_incompatibility,version_incompatibility,heuristic,version_incompatibility,heuristic,version_incompatibility,ok,version_incompatibility,ok,version_incompatibility,ok
unittest-grades--ml_renamed_then_alias,hard,local_module,local_module,confirmed,local_module,confirmed,local_module,ok,local_module,ok,local_module,ok
fixture-orders--vb_numpy_repr,hard,version_incompatibility,version_incompatibility,heuristic,version_incompatibility,heuristic,code_defect,ok,code_defect,ok,version_incompatibility,ok
fixture-orders--vb_numpy_promotion,hard,version_incompatibility,version_incompatibility,heuristic,version_incompatibility,heuristic,code_defect,ok,code_defect,ok,code_defect,ok
fixture-orders--vb_yaml_loader,hard,version_incompatibility,version_incompatibility,heuristic,version_incompatibility,heuristic,version_incompatibility,ok,version_incompatibility,ok,version_incompatibility,ok
fixture-orders--vb_pydantic_coercion,hard,version_incompatibility,version_incompatibility,heuristic,version_incompatibility,heuristic,code_defect,ok,code_defect,ok,code_defect,ok
fixture-orders--vb_click_mix_stderr,hard,version_incompatibility,version_incompatibility,heuristic,version_incompatibility,heuristic,version_incompatibility,ok,version_incompatibility,ok,version_incompatibility,ok
fixture-orders--ml_renamed_then_alias,hard,local_module,local_module,confirmed,local_module,confirmed,local_module,ok,local_module,ok,local_module,ok
