id,label_root_cause,label_first_step,also_acceptable,partial_if,wrong_if,model_root_cause,model_first_step,answer_status,score,scored_by,notes
click,version_incompatibility,"Upgrade py==1.10.0 to a version compatible with Python 3.12 (e.g. py==1.11.0), then rerun pytest.",Upgrade the legacy pytest/py test toolchain to Python-3.12-compatible versions; alternatively run the pinned test stack on an older compatible Python version.,Identifies a dependency/version incompatibility involving the pinned test stack but does not identify py==1.10.0.,Recommends upgrading pytest alone; attributes the first failure to click source code; or treats a later-layer failure as the first blocker.,version_incompatibility,"Upgrade the `py` package to a version compatible with Python 3.12 (e.g., `py>=1.11.0`), as the installed version 1.10.0 fails to import due to missing `__spec__` attribute support in newer Python versions.",ok,correct,A+C,A/C 一致：与标签 first_step 一致：升级 py 到兼容 Python 3.12 的版本（py>=1.11.0），并点名 py==1.10.0。
pytest,version_incompatibility,"Run the pinned pytest 6.2.5 test stack on an older compatible Python version (e.g. Python 3.10), then rerun the tests.",Update the legacy pytest test stack/code so its AST handling is compatible with Python 3.12.,Correctly identifies a Python-version incompatibility but does not identify changing the interpreter as the first action.,"Treats pkg_resources or later test failures as the original root cause, or proposes project-code changes for the initial collection failure.",version_incompatibility,"Update the project code in `testing/conftest.py` (and any other files using `ast.Str`) to use `ast.Constant` instead, as `ast.Str` is deprecated in Python 3.12 and will be removed in 3.14, causing the test suite to fail when warnings are treated as errors.",ok,wrong,WEI YI（草案，待 A 确认）,【分歧：correct vs wrong】共识草案按 C 的 wrong（待 A 确认）。C 依据：答句主目标是项目测试代码 testing/conftest.py；源码直查 pytest 6.2.5——conftest.py 无任何 ast 引用，ast.Str 全在 src/_pytest/assertion/rewrite.py（823 行 keys=[ast.Str(key)...] 与标签记录一致），改 conftest 照做不消层；wrong_if 明文“proposes project-code changes for the initial collection failure”，rubric 顺序 wrong_if 优先。A 原判 correct（把“any other files using ast.Str”兜底句读为有效路径，会落到 rewrite.py:823）记录在案；与 model-1 同项目行（双方判 correct，点的是 assertion rewriting code=栈机制）口径不冲突。
dateparser,missing_dependency,"Install the declared fasttext dependency; on this Windows/Python 3.12 environment, make it install successfully by providing the required C++/MSVC build toolchain or another compatible installation path.",Install the project's declared fasttext extra in an environment where fasttext can be built or installed successfully.,Correctly identifies fasttext as missing but does not account for the native-build/install requirement in this Windows/Python 3.12 environment.,"Attributes the initial collection errors to dateparser application logic, removes/skips the affected tests, or claims fasttext is an undeclared dependency.",missing_dependency,"Install the 'fasttext' package (e.g., via pip install fasttext) as it is imported by dateparser but not present in the environment.",ok,partial,A+C,A/C 一致：partial_if：正确点名缺失依赖 fasttext，但没有处理 Windows/Python 3.12 下的原生编译/安装要求。
python-qrcode,version_incompatibility,"Replace the non-portable strftime('%-d %b %Y') usage with a Windows-compatible date-formatting approach, then rerun the tests.",Run the tests on a platform where the %-d strftime directive is supported.,"Fixes only one of the two %-d occurrences, or correctly identifies the portability issue without removing it from both production and test code.","Treats has_calls or missing pkg_resources as the first blocker, or changes only unrelated dependencies without addressing %-d.",version_incompatibility,Update the date format string in qrcode/release.py from '%-d %b %Y' to a cross-platform compatible format like '%d %b %Y' because the %-d modifier is not supported on Windows.,ok,partial,A+C,A/C 一致：partial_if：认出 %-d strftime 的 Windows 兼容问题（类别的确对），但只改了 qrcode/release.py 一处；partial_if 预期两处（production 与 test code）都要改，未覆盖测试代码那处。保留意见：若两处其实同在该文件则应为 correct，需与 C 对齐。
httpx,version_incompatibility,"Run the pinned 2021 pytest/tooling stack on an older compatible Python version, then rerun the tests.",Upgrade the pinned pytest/tooling stack to versions compatible with Python 3.12.,Identifies the pinned pytest/Python compatibility problem but gives only a generic dependency-upgrade action.,Attributes the initial failure to httpx's cgi import/deprecation warning or modifies httpx application code before resolving the pytest compatibility blocker.,version_incompatibility,Upgrade pytest to version 7.0 or later to resolve the DeprecationWarning failure caused by Python 3.12's removal of deprecated AST node types.,ok,correct,A+C,A/C 一致：also_acceptable：把 pinned pytest/tooling 升到兼容 Python 3.12 的版本（pytest>=7.0），并给出原因。
python-ftfy,healthy,No repair needed; the test suite passes in the held-out environment.,Keep the current environment and test command as-is.,Recognizes that the suite passes but suggests unnecessary investigation or non-functional cleanup.,Diagnoses a root cause or recommends a required fix despite the held-out suite passing.,missing_dependency,Install the ruff package in the current environment to resolve the 'No module named ruff' error.,ok,wrong,A+C,A/C 一致：healthy wrong_if：套件通过，却诊断缺失 ruff 并建议安装，等于给出一个“必须修”。
robotframework,local_module,"Make the repository's src/robot package importable before test collection, matching the path setup performed by the project's test runner.","Install the project editable, add src/ to PYTHONPATH, or run through the project's own test entry point.",Correctly identifies that the local robot package is not on the import path but gives only a generic import-error diagnosis.,"Installs an unrelated external robot package, treats resources/classes or the GBK error as the initial root cause, or modifies tests to suppress the import failure.",missing_dependency,"Install the project itself (e.g., via `pip install -e .` or `pip install .`) so that the `robot` package is importable during test collection.",ok,correct,A+C,A/C 一致：also_acceptable：以 editable 方式安装项目本身，使本地 robot 包在 collection 时可导入。
python-slugify,code_defect,Fix _modern_truncate so hard cuts do not leave trailing post-replacement delimiters.,Fix the modern hard-cut/truncation logic so repeated delimiters are handled without leaving a trailing delimiter.,Identifies _modern_truncate/repeated-delimiter handling but proposes an incomplete fix that does not satisfy the regression case.,"Changes the test expectation, attributes the failure to environment/dependencies, or suppresses the failing regression instead of fixing the truncation logic.",code_defect,Fix the `slugify` function's logic in `slugify/slugify.py` to correctly strip trailing separator characters when `max_length` truncation occurs during the `post` replacement stage.,ok,correct,A+C,A/C 一致：轴 A/B 均成立：具名 slugify.py 的 post-replacement 截断逻辑，要求去掉残留分隔符，与标签 first_step/also_acceptable 一致。
django-cacheops,config_missing,"Set DJANGO_SETTINGS_MODULE=tests.settings and initialize Django as required before test collection, matching the project's test runner.","Run through the project's own test runner, which configures Django before executing the tests.",Sets DJANGO_SETTINGS_MODULE only: this removes ImproperlyConfigured but leaves AppRegistryNotReady; or correctly identifies missing Django initialization without completing both required initialization steps.,"Treats the later database-table or Redis failures as the original root cause, or changes application logic instead of initializing the Django test environment.",config_missing,"Set the DJANGO_SETTINGS_MODULE environment variable to point to the project's test settings module (e.g., 'tests.settings') before running the tests.",ok,partial,A+C,A/C 一致：partial_if：只设置 DJANGO_SETTINGS_MODULE（tests.settings），未完成标签要求的 Django 初始化步骤。
seleniumlibrary,local_module,"Make the repository's src/SeleniumLibrary package importable before test collection, matching the path setup performed by utest/run.py.","Install the project editable, add src/ to PYTHONPATH, or run through utest/run.py.",Identifies the missing local SeleniumLibrary import path but does not specify how to expose src/.,"Treats the later Firefox/geckodriver failures as the initial root cause, or installs an unrelated package instead of exposing the repository's local source tree.",local_module,"Install the project itself in editable mode (e.g., `pip install -e .`) so that the `SeleniumLibrary` package is resolvable on the Python path during test collection.",ok,correct,A+C,A/C 一致：also_acceptable：以 editable 方式安装项目本身，使 SeleniumLibrary 在 collection 时可解析。
django-storages,config_missing,"Set DJANGO_SETTINGS_MODULE=tests.settings before running pytest, matching the project's tox configuration.","Run the tests through the project's tox environment, which sets DJANGO_SETTINGS_MODULE.",Correctly identifies missing Django settings configuration but does not identify tests.settings or an equivalent initialization.,"Treats the later Windows path failures as the original blocker, or changes storage implementation code before supplying the missing Django configuration.",,,invalid,,A+C,service_no_answer：已核对无可用回答（A、C 双方确认）
python-markdown,missing_dependency,"Install the project's declared testing extra (e.g. pip install -e .[testing]) so that PyYAML (yaml) is installed, then rerun the tests.",Install PyYAML directly before rerunning the tests.,"Identifies PyYAML/yaml as the missing dependency or recommends installing the testing dependencies, but does not connect the missing package to the testing extra omitted by the documented editable-install command.","Attributes the initial failure to pytest compatibility or project code, modifies/skips tests to avoid importing yaml, or addresses the later TestSuite collection failure before making PyYAML available.",missing_dependency,"Install the 'pyyaml' package (e.g., via `pip install pyyaml`) as it is required by the test module `tests/test_apis.py` but is not installed in the current environment.",ok,correct,A+C,A/C 一致：also_acceptable：直接安装 PyYAML（pip install pyyaml）后重跑，与标签 also_acceptable 一致。
